doc_id,url,title,scheme,category,source_type,fetched_on,as_of,local_path,fetch_method
F-ELSS-01,https://www.indmoney.com/mutual-funds/edelweiss-elss-tax-saver-direct-plan-growth-option-2669,Edelweiss ELSS Tax Saver Fund Direct Growth (INDmoney scheme page),Edelweiss ELSS Tax Saver Fund,ELSS,M1_FACTSHEET,2026-10-03,2026-08-31,data/corpus/schemes/F-ELSS-01.md,search_capture
F-FLEXI-01,https://www.indmoney.com/mutual-funds/edelweiss-flexi-cap-fund-direct-growth-3174,Edelweiss Flexi Cap Fund Direct Growth (INDmoney scheme page),Edelweiss Flexi Cap Fund,Flexi Cap,M1_FACTSHEET,2026-10-01,2026-09-30,data/corpus/schemes/F-FLEXI-01.md,m1_local
F-LC-01,https://www.indmoney.com/mutual-funds/edelweiss-large-cap-fund-direct-plan-growth-option-2965,Edelweiss Large Cap Fund Direct Growth (INDmoney scheme page),Edelweiss Large Cap Fund,Large Cap,M1_FACTSHEET,2026-10-03,2026-06-03,data/corpus/schemes/F-LC-01.md,search_capture
F-LC-02,https://www.etmoney.com/mutual-funds/edelweiss-large-cap-fund-direct-growth/16911,Edelweiss Large Cap Fund Direct-Growth exit-load window (ET Money excerpt),Edelweiss Large Cap Fund,Large Cap,M1_FACTSHEET,2026-10-03,2026-06-03,data/corpus/schemes/F-LC-02.md,search_capture
F-IDX-01,https://www.indmoney.com/mutual-funds/edelweiss-nifty-50-index-fund-direct-growth,Edelweiss Nifty 50 Index Fund Direct Growth (INDmoney scheme page),Edelweiss Nifty 50 Index Fund,Index,M1_FACTSHEET,2026-10-03,2026-08-21,data/corpus/schemes/F-IDX-01.md,search_capture
F-LIQ-01,https://www.indmoney.com/mutual-funds/edelweiss-liquid-fund-direct-growth-1009,Edelweiss Liquid Fund Direct Growth (INDmoney scheme page),Edelweiss Liquid Fund,Liquid,M1_FACTSHEET,2026-10-03,2026-06-17,data/corpus/schemes/F-LIQ-01.md,search_capture
F-LIQ-02,https://www.edelweissmf.com/Files/downloads/Product%20Collateral/Factsheet/2025/Feb/published/Edelweiss_Liquid_Fund_18022025_091849_PM.pdf,Edelweiss Liquid Fund AMC factsheet page (graded exit load slabs),Edelweiss Liquid Fund,Liquid,M1_FACTSHEET,2026-10-03,2025-01-31,data/corpus/schemes/F-LIQ-02.md,search_capture
R-SEBI-LIQ-01,https://www.sebi.gov.in/sebi_data/attachdocs/sep-2019/1568988295926.pdf,SEBI circular SEBI/HO/IMD/DF2/CIR/P/2019/101: risk management framework for liquid and overnight funds (graded exit load),ALL,Liquid,M1_REGULATOR,2026-10-03,2019-09-20,data/corpus/raw/R-SEBI-LIQ-01.pdf,http
R-SEBI-EXIT-01,https://investor.sebi.gov.in/exit_load.html,SEBI investor education: Exit Load,ALL,ALL,M1_REGULATOR,2026-10-03,,data/corpus/raw/R-SEBI-EXIT-01.html,http
R-MFSH-LOADS-01,https://www.mutualfundssahihai.com/en/what-are-loads,AMFI Mutual Funds Sahi Hai: What is exit load,ALL,ALL,M1_REGULATOR,2026-10-03,,data/corpus/raw/R-MFSH-LOADS-01.html,http
R-MFSH-REDEEM-01,https://www.mutualfundssahihai.com/en/what-costs-does-one-incur-while-redeeming-mutual-fund-units,AMFI Mutual Funds Sahi Hai: Costs incurred while redeeming units (exit load / STT / capital gains),ALL,ALL,M1_REGULATOR,2026-10-03,,data/corpus/raw/R-MFSH-REDEEM-01.html,http
R-MFSH-EXP-01,https://www.mutualfundssahihai.com/en/what-are-expenses-incurred-mutual-fund-scheme,AMFI Mutual Funds Sahi Hai: Expenses involved in a mutual fund scheme (expense ratio),ALL,ALL,M1_REGULATOR,2026-10-03,,data/corpus/raw/R-MFSH-EXP-01.html,http
R-MFSH-LOCKIN-01,https://www.mutualfundssahihai.com/en/what-is-lock-in-period,AMFI Mutual Funds Sahi Hai: What is lock-in period,ALL,ELSS,M1_REGULATOR,2026-10-03,,data/corpus/raw/R-MFSH-LOCKIN-01.html,http
R-MFSH-ELSS-01,https://www.mutualfundssahihai.com/en/elss-fund-tax-saving-mutual-fund,AMFI Mutual Funds Sahi Hai: ELSS tax saving mutual fund,ALL,ELSS,M1_REGULATOR,2026-10-03,,data/corpus/raw/R-MFSH-ELSS-01.html,http
R-MFSH-DOCS-01,https://www.mutualfundssahihai.com/en/what-documents-are-provided-proof-my-investment-mutual-funds,AMFI Mutual Funds Sahi Hai: Documents provided as proof of investment (account statement),ALL,ALL,M1_REGULATOR,2026-10-03,,data/corpus/raw/R-MFSH-DOCS-01.html,http
R-AMC-STAMP-01,https://www.bajajamc.com/knowledge-centre/stamp-duty-on-mutual-funds,Bajaj Finserv AMC knowledge centre: Stamp duty on mutual funds (0.005% from 1 July 2020),ALL,ALL,M1_REGULATOR,2026-10-03,,data/corpus/raw/R-AMC-STAMP-01.html,http
R-AMC-STT-01,https://www.bajajamc.com/knowledge-centre/securities-transaction-tax,Bajaj Finserv AMC knowledge centre: Securities Transaction Tax (0.001% on sale of equity-oriented fund units),ALL,ALL,M1_REGULATOR,2026-10-03,,data/corpus/raw/R-AMC-STT-01.html,http
R-AMC-TER-01,https://www.tatamutualfund.com/blogs/what-expense-ratio-mutual-funds-learn-how-much-you-are-actually-paying-your-fund,Tata Mutual Fund: What is expense ratio (TER deducted daily from NAV),ALL,ALL,M1_REGULATOR,2026-10-03,,data/corpus/raw/R-AMC-TER-01.html,http
R-MFSH-ELSSSIP-01,https://www.mutualfundssahihai.com/en/should-i-invest-elss-through-sip-or-lumpsum,AMFI Mutual Funds Sahi Hai: ELSS through SIP or lump sum (lock-in per instalment),ALL,ELSS,M1_REGULATOR,2026-10-03,,data/corpus/raw/R-MFSH-ELSSSIP-01.html,http
FE-EXIT-01,https://www.mutualfundssahihai.com/en/what-are-loads,Fee Explainer: Exit load,ALL,ALL,M2_FEE_EXPLAINER,2026-10-03,2026-10-03,data/corpus/fee_explainer.md#exit-load,internal
FE-GRADED-01,https://www.sebi.gov.in/sebi_data/attachdocs/sep-2019/1568988295926.pdf,Fee Explainer: Graded exit load (liquid funds),ALL,Liquid,M2_FEE_EXPLAINER,2026-10-03,2026-10-03,data/corpus/fee_explainer.md#graded-exit-load-liquid-funds,internal
FE-STAMP-01,https://www.bajajamc.com/knowledge-centre/stamp-duty-on-mutual-funds,Fee Explainer: Stamp duty on purchases,ALL,ALL,M2_FEE_EXPLAINER,2026-10-03,2026-10-03,data/corpus/fee_explainer.md#stamp-duty,internal
FE-STT-01,https://www.bajajamc.com/knowledge-centre/securities-transaction-tax,Fee Explainer: Securities Transaction Tax (STT),ALL,ALL,M2_FEE_EXPLAINER,2026-10-03,2026-10-03,data/corpus/fee_explainer.md#securities-transaction-tax-stt,internal
FE-TER-01,https://www.tatamutualfund.com/blogs/what-expense-ratio-mutual-funds-learn-how-much-you-are-actually-paying-your-fund,Fee Explainer: Expense ratio (TER),ALL,ALL,M2_FEE_EXPLAINER,2026-10-03,2026-10-03,data/corpus/fee_explainer.md#expense-ratio-ter,internal
FE-LOCKIN-01,https://www.mutualfundssahihai.com/en/what-is-lock-in-period,Fee Explainer: ELSS lock-in,ALL,ELSS,M2_FEE_EXPLAINER,2026-10-03,2026-10-03,data/corpus/fee_explainer.md#elss-lock-in,internal
FE-CG-01,https://www.mutualfundssahihai.com/en/what-documents-are-provided-proof-my-investment-mutual-funds,Fee Explainer: Capital-gains statement basics,ALL,ALL,M2_FEE_EXPLAINER,2026-10-03,2026-10-03,data/corpus/fee_explainer.md#capital-gains-statement,internal
F-BLC-01,https://www.bajajamc.com/mutual-funds/equity-funds/bajaj-finserv-large-cap-fund/,Bajaj Finserv Large Cap Fund Direct Plan (Bajaj Finserv AMC scheme page),Bajaj Finserv Large Cap Fund,Large Cap,M1_FACTSHEET,2026-10-03,2026-08-31,data/corpus/schemes/F-BLC-01.md,http_extract
F-BLC-02,https://media.bajajamc.com/wp-content/uploads/2026/08/Factsheet_August-2026.pdf,Bajaj Finserv Large Cap Fund base expense ratio (Bajaj Finserv MF factsheet Aug 2026),Bajaj Finserv Large Cap Fund,Large Cap,M1_FACTSHEET,2026-10-03,2026-07-31,data/corpus/schemes/F-BLC-02.md,http_extract
F-BFLEXI-01,https://www.bajajamc.com/mutual-funds/equity-funds/bajaj-finserv-flexi-cap-fund/,Bajaj Finserv Flexi Cap Fund Direct Plan (Bajaj Finserv AMC scheme page),Bajaj Finserv Flexi Cap Fund,Flexi Cap,M1_FACTSHEET,2026-10-03,2026-08-31,data/corpus/schemes/F-BFLEXI-01.md,http_extract
F-BFLEXI-02,https://media.bajajamc.com/wp-content/uploads/2026/08/Factsheet_August-2026.pdf,Bajaj Finserv Flexi Cap Fund base expense ratio (Bajaj Finserv MF factsheet Aug 2026),Bajaj Finserv Flexi Cap Fund,Flexi Cap,M1_FACTSHEET,2026-10-03,2026-07-31,data/corpus/schemes/F-BFLEXI-02.md,http_extract
F-BLMC-01,https://www.bajajamc.com/mutual-funds/equity-funds/bajaj-finserv-large-and-mid-cap-fund/,Bajaj Finserv Large and Mid Cap Fund Direct Plan (Bajaj Finserv AMC scheme page),Bajaj Finserv Large and Mid Cap Fund,Large & Mid Cap,M1_FACTSHEET,2026-10-03,2026-08-31,data/corpus/schemes/F-BLMC-01.md,http_extract
F-BLMC-02,https://media.bajajamc.com/wp-content/uploads/2026/08/Factsheet_August-2026.pdf,Bajaj Finserv Large and Mid Cap Fund base expense ratio (Bajaj Finserv MF factsheet Aug 2026),Bajaj Finserv Large and Mid Cap Fund,Large & Mid Cap,M1_FACTSHEET,2026-10-03,2026-07-31,data/corpus/schemes/F-BLMC-02.md,http_extract
F-BMC-01,https://www.bajajamc.com/mutual-funds/equity-funds/bajaj-finserv-multi-cap-fund/,Bajaj Finserv Multi Cap Fund Direct Plan (Bajaj Finserv AMC scheme page),Bajaj Finserv Multi Cap Fund,Multi Cap,M1_FACTSHEET,2026-10-03,2026-08-31,data/corpus/schemes/F-BMC-01.md,http_extract
F-BMC-02,https://media.bajajamc.com/wp-content/uploads/2026/08/Factsheet_August-2026.pdf,Bajaj Finserv Multi Cap Fund base expense ratio (Bajaj Finserv MF factsheet Aug 2026),Bajaj Finserv Multi Cap Fund,Multi Cap,M1_FACTSHEET,2026-10-03,2026-07-31,data/corpus/schemes/F-BMC-02.md,http_extract
F-BSC-01,https://www.bajajamc.com/mutual-funds/equity-funds/bajaj-finserv-small-cap-fund/,Bajaj Finserv Small Cap Fund Direct Plan (Bajaj Finserv AMC scheme page),Bajaj Finserv Small Cap Fund,Small Cap,M1_FACTSHEET,2026-10-03,2026-08-31,data/corpus/schemes/F-BSC-01.md,http_extract
F-BSC-02,https://media.bajajamc.com/wp-content/uploads/2026/08/Factsheet_August-2026.pdf,Bajaj Finserv Small Cap Fund base expense ratio (Bajaj Finserv MF factsheet Aug 2026),Bajaj Finserv Small Cap Fund,Small Cap,M1_FACTSHEET,2026-10-03,2026-07-31,data/corpus/schemes/F-BSC-02.md,http_extract
F-BELSS-01,https://www.bajajamc.com/mutual-funds/equity-funds/bajaj-finserv-elss-tax-saver-fund/,Bajaj Finserv ELSS Tax Saver Fund Direct Plan (Bajaj Finserv AMC scheme page),Bajaj Finserv ELSS Tax Saver Fund,ELSS,M1_FACTSHEET,2026-10-03,2026-08-31,data/corpus/schemes/F-BELSS-01.md,http_extract
F-BELSS-02,https://media.bajajamc.com/wp-content/uploads/2026/08/Factsheet_August-2026.pdf,Bajaj Finserv ELSS Tax Saver Fund base expense ratio (Bajaj Finserv MF factsheet Aug 2026),Bajaj Finserv ELSS Tax Saver Fund,ELSS,M1_FACTSHEET,2026-10-03,2026-07-31,data/corpus/schemes/F-BELSS-02.md,http_extract
F-BHC-01,https://www.bajajamc.com/mutual-funds/equity-funds/bajaj-finserv-healthcare-fund/,Bajaj Finserv Healthcare Fund Direct Plan (Bajaj Finserv AMC scheme page),Bajaj Finserv Healthcare Fund,Sectoral/Thematic,M1_FACTSHEET,2026-10-03,2026-08-31,data/corpus/schemes/F-BHC-01.md,http_extract
F-BHC-02,https://media.bajajamc.com/wp-content/uploads/2026/08/Factsheet_August-2026.pdf,Bajaj Finserv Healthcare Fund base expense ratio (Bajaj Finserv MF factsheet Aug 2026),Bajaj Finserv Healthcare Fund,Sectoral/Thematic,M1_FACTSHEET,2026-10-03,2026-07-31,data/corpus/schemes/F-BHC-02.md,http_extract
F-BCONS-01,https://www.bajajamc.com/mutual-funds/equity-funds/bajaj-finserv-consumption-fund/,Bajaj Finserv Consumption Fund Direct Plan (Bajaj Finserv AMC scheme page),Bajaj Finserv Consumption Fund,Sectoral/Thematic,M1_FACTSHEET,2026-10-03,2026-08-31,data/corpus/schemes/F-BCONS-01.md,http_extract
F-BCONS-02,https://media.bajajamc.com/wp-content/uploads/2026/08/Factsheet_August-2026.pdf,Bajaj Finserv Consumption Fund base expense ratio (Bajaj Finserv MF factsheet Aug 2026),Bajaj Finserv Consumption Fund,Sectoral/Thematic,M1_FACTSHEET,2026-10-03,2026-07-31,data/corpus/schemes/F-BCONS-02.md,http_extract
F-BBFS-01,https://www.bajajamc.com/mutual-funds/equity-funds/bajaj-finserv-banking-and-financial-services-fund/,Bajaj Finserv Banking and Financial Services Fund Direct Plan (Bajaj Finserv AMC scheme page),Bajaj Finserv Banking and Financial Services Fund,Sectoral/Thematic,M1_FACTSHEET,2026-10-03,2026-08-31,data/corpus/schemes/F-BBFS-01.md,http_extract
F-BBFS-02,https://media.bajajamc.com/wp-content/uploads/2026/08/Factsheet_August-2026.pdf,Bajaj Finserv Banking and Financial Services Fund base expense ratio (Bajaj Finserv MF factsheet Aug 2026),Bajaj Finserv Banking and Financial Services Fund,Sectoral/Thematic,M1_FACTSHEET,2026-10-03,2026-07-31,data/corpus/schemes/F-BBFS-02.md,http_extract
F-BN50-01,https://www.bajajamc.com/mutual-funds/index-funds/bajaj-finserv-nifty-50-index-fund/,Bajaj Finserv Nifty 50 Index Fund Direct Plan (Bajaj Finserv AMC scheme page),Bajaj Finserv Nifty 50 Index Fund,Index,M1_FACTSHEET,2026-10-03,2026-08-31,data/corpus/schemes/F-BN50-01.md,http_extract
F-BN50-02,https://media.bajajamc.com/wp-content/uploads/2026/08/Factsheet_August-2026.pdf,Bajaj Finserv Nifty 50 Index Fund base expense ratio (Bajaj Finserv MF factsheet Aug 2026),Bajaj Finserv Nifty 50 Index Fund,Index,M1_FACTSHEET,2026-10-03,2026-07-31,data/corpus/schemes/F-BN50-02.md,http_extract
F-BNN50-01,https://www.bajajamc.com/mutual-funds/index-funds/bajaj-finserv-nifty-next-50-index-fund/,Bajaj Finserv Nifty Next 50 Index Fund Direct Plan (Bajaj Finserv AMC scheme page),Bajaj Finserv Nifty Next 50 Index Fund,Index,M1_FACTSHEET,2026-10-03,2026-08-31,data/corpus/schemes/F-BNN50-01.md,http_extract
F-BNN50-02,https://media.bajajamc.com/wp-content/uploads/2026/08/Factsheet_August-2026.pdf,Bajaj Finserv Nifty Next 50 Index Fund base expense ratio (Bajaj Finserv MF factsheet Aug 2026),Bajaj Finserv Nifty Next 50 Index Fund,Index,M1_FACTSHEET,2026-10-03,2026-07-31,data/corpus/schemes/F-BNN50-02.md,http_extract
F-BBAF-01,https://www.bajajamc.com/mutual-funds/hybrid-funds/bajaj-finserv-balanced-advantage-fund/,Bajaj Finserv Balanced Advantage Fund Direct Plan (Bajaj Finserv AMC scheme page),Bajaj Finserv Balanced Advantage Fund,Balanced Advantage,M1_FACTSHEET,2026-10-03,2026-08-31,data/corpus/schemes/F-BBAF-01.md,http_extract
F-BBAF-02,https://media.bajajamc.com/wp-content/uploads/2026/08/Factsheet_August-2026.pdf,Bajaj Finserv Balanced Advantage Fund base expense ratio (Bajaj Finserv MF factsheet Aug 2026),Bajaj Finserv Balanced Advantage Fund,Balanced Advantage,M1_FACTSHEET,2026-10-03,2026-07-31,data/corpus/schemes/F-BBAF-02.md,http_extract
F-BMAAF-01,https://www.bajajamc.com/mutual-funds/hybrid-funds/bajaj-finserv-multi-asset-allocation-fund/,Bajaj Finserv Multi Asset Allocation Fund Direct Plan (Bajaj Finserv AMC scheme page),Bajaj Finserv Multi Asset Allocation Fund,Multi Asset Allocation,M1_FACTSHEET,2026-10-03,2026-08-31,data/corpus/schemes/F-BMAAF-01.md,http_extract
F-BMAAF-02,https://media.bajajamc.com/wp-content/uploads/2026/08/Factsheet_August-2026.pdf,Bajaj Finserv Multi Asset Allocation Fund base expense ratio (Bajaj Finserv MF factsheet Aug 2026),Bajaj Finserv Multi Asset Allocation Fund,Multi Asset Allocation,M1_FACTSHEET,2026-10-03,2026-07-31,data/corpus/schemes/F-BMAAF-02.md,http_extract
F-BESF-01,https://www.bajajamc.com/mutual-funds/hybrid-funds/bajaj-finserv-equity-savings-fund/,Bajaj Finserv Equity Savings Fund Direct Plan (Bajaj Finserv AMC scheme page),Bajaj Finserv Equity Savings Fund,Equity Savings,M1_FACTSHEET,2026-10-03,2026-08-31,data/corpus/schemes/F-BESF-01.md,http_extract
F-BESF-02,https://media.bajajamc.com/wp-content/uploads/2026/08/Factsheet_August-2026.pdf,Bajaj Finserv Equity Savings Fund base expense ratio (Bajaj Finserv MF factsheet Aug 2026),Bajaj Finserv Equity Savings Fund,Equity Savings,M1_FACTSHEET,2026-10-03,2026-07-31,data/corpus/schemes/F-BESF-02.md,http_extract
F-BARB-01,https://www.bajajamc.com/mutual-funds/hybrid-funds/bajaj-finserv-arbitrage-fund/,Bajaj Finserv Arbitrage Fund Direct Plan (Bajaj Finserv AMC scheme page),Bajaj Finserv Arbitrage Fund,Arbitrage,M1_FACTSHEET,2026-10-03,2026-08-31,data/corpus/schemes/F-BARB-01.md,http_extract
F-BARB-02,https://media.bajajamc.com/wp-content/uploads/2026/08/Factsheet_August-2026.pdf,Bajaj Finserv Arbitrage Fund base expense ratio (Bajaj Finserv MF factsheet Aug 2026),Bajaj Finserv Arbitrage Fund,Arbitrage,M1_FACTSHEET,2026-10-03,2026-07-31,data/corpus/schemes/F-BARB-02.md,http_extract
F-BLIQ-01,https://www.bajajamc.com/mutual-funds/debt-funds/bajaj-finserv-liquid-fund/,Bajaj Finserv Liquid Fund Direct Plan (Bajaj Finserv AMC scheme page),Bajaj Finserv Liquid Fund,Liquid,M1_FACTSHEET,2026-10-03,2026-08-31,data/corpus/schemes/F-BLIQ-01.md,http_extract
F-BLIQ-02,https://media.bajajamc.com/wp-content/uploads/2026/08/Factsheet_August-2026.pdf,Bajaj Finserv Liquid Fund base expense ratio (Bajaj Finserv MF factsheet Aug 2026),Bajaj Finserv Liquid Fund,Liquid,M1_FACTSHEET,2026-10-03,2026-07-31,data/corpus/schemes/F-BLIQ-02.md,http_extract
F-BMM-01,https://www.bajajamc.com/mutual-funds/debt-funds/bajaj-finserv-money-market-fund/,Bajaj Finserv Money Market Fund Direct Plan (Bajaj Finserv AMC scheme page),Bajaj Finserv Money Market Fund,Money Market,M1_FACTSHEET,2026-10-03,2026-08-31,data/corpus/schemes/F-BMM-01.md,http_extract
F-BMM-02,https://media.bajajamc.com/wp-content/uploads/2026/08/Factsheet_August-2026.pdf,Bajaj Finserv Money Market Fund base expense ratio (Bajaj Finserv MF factsheet Aug 2026),Bajaj Finserv Money Market Fund,Money Market,M1_FACTSHEET,2026-10-03,2026-07-31,data/corpus/schemes/F-BMM-02.md,http_extract
F-BON-01,https://www.bajajamc.com/mutual-funds/debt-funds/bajaj-finserv-overnight-fund/,Bajaj Finserv Overnight Fund Direct Plan (Bajaj Finserv AMC scheme page),Bajaj Finserv Overnight Fund,Overnight,M1_FACTSHEET,2026-10-03,2026-08-31,data/corpus/schemes/F-BON-01.md,http_extract
F-BON-02,https://media.bajajamc.com/wp-content/uploads/2026/08/Factsheet_August-2026.pdf,Bajaj Finserv Overnight Fund base expense ratio (Bajaj Finserv MF factsheet Aug 2026),Bajaj Finserv Overnight Fund,Overnight,M1_FACTSHEET,2026-10-03,2026-07-31,data/corpus/schemes/F-BON-02.md,http_extract
F-BLD-01,https://www.bajajamc.com/mutual-funds/debt-funds/bajaj-finserv-low-duration-fund/,Bajaj Finserv Low Duration Fund Direct Plan (Bajaj Finserv AMC scheme page),Bajaj Finserv Low Duration Fund,Low Duration,M1_FACTSHEET,2026-10-03,2026-08-31,data/corpus/schemes/F-BLD-01.md,http_extract
F-BLD-02,https://media.bajajamc.com/wp-content/uploads/2026/08/Factsheet_August-2026.pdf,Bajaj Finserv Low Duration Fund base expense ratio (Bajaj Finserv MF factsheet Aug 2026),Bajaj Finserv Low Duration Fund,Low Duration,M1_FACTSHEET,2026-10-03,2026-07-31,data/corpus/schemes/F-BLD-02.md,http_extract
F-BGILT-01,https://www.bajajamc.com/mutual-funds/debt-funds/bajaj-finserv-gilt-fund/,Bajaj Finserv Gilt Fund Direct Plan (Bajaj Finserv AMC scheme page),Bajaj Finserv Gilt Fund,Gilt,M1_FACTSHEET,2026-10-03,2026-08-31,data/corpus/schemes/F-BGILT-01.md,http_extract
F-BGILT-02,https://media.bajajamc.com/wp-content/uploads/2026/08/Factsheet_August-2026.pdf,Bajaj Finserv Gilt Fund base expense ratio (Bajaj Finserv MF factsheet Aug 2026),Bajaj Finserv Gilt Fund,Gilt,M1_FACTSHEET,2026-10-03,2026-07-31,data/corpus/schemes/F-BGILT-02.md,http_extract
F-BBPSU-01,https://www.bajajamc.com/mutual-funds/debt-funds/bajaj-finserv-banking-and-psu-fund/,Bajaj Finserv Banking and PSU Fund Direct Plan (Bajaj Finserv AMC scheme page),Bajaj Finserv Banking and PSU Fund,Banking and PSU,M1_FACTSHEET,2026-10-03,2026-08-31,data/corpus/schemes/F-BBPSU-01.md,http_extract
F-BBPSU-02,https://media.bajajamc.com/wp-content/uploads/2026/08/Factsheet_August-2026.pdf,Bajaj Finserv Banking and PSU Fund base expense ratio (Bajaj Finserv MF factsheet Aug 2026),Bajaj Finserv Banking and PSU Fund,Banking and PSU,M1_FACTSHEET,2026-10-03,2026-07-31,data/corpus/schemes/F-BBPSU-02.md,http_extract
F-BETF50-01,https://www.bajajamc.com/mutual-funds/etf/bajaj-finserv-nifty-50-etf/,Bajaj Finserv Nifty 50 ETF Direct Plan (Bajaj Finserv AMC scheme page),Bajaj Finserv Nifty 50 ETF,Equity ETF,M1_FACTSHEET,2026-10-03,2026-08-31,data/corpus/schemes/F-BETF50-01.md,http_extract
F-BETF50-02,https://media.bajajamc.com/wp-content/uploads/2026/08/Factsheet_August-2026.pdf,Bajaj Finserv Nifty 50 ETF base expense ratio (Bajaj Finserv MF factsheet Aug 2026),Bajaj Finserv Nifty 50 ETF,Equity ETF,M1_FACTSHEET,2026-10-03,2026-07-31,data/corpus/schemes/F-BETF50-02.md,http_extract
F-BETFBANK-01,https://www.bajajamc.com/mutual-funds/etf/bajaj-finserv-nifty-bank-etf/,Bajaj Finserv Nifty Bank ETF Direct Plan (Bajaj Finserv AMC scheme page),Bajaj Finserv Nifty Bank ETF,Equity ETF,M1_FACTSHEET,2026-10-03,2026-08-31,data/corpus/schemes/F-BETFBANK-01.md,http_extract
F-BETFBANK-02,https://media.bajajamc.com/wp-content/uploads/2026/08/Factsheet_August-2026.pdf,Bajaj Finserv Nifty Bank ETF base expense ratio (Bajaj Finserv MF factsheet Aug 2026),Bajaj Finserv Nifty Bank ETF,Equity ETF,M1_FACTSHEET,2026-10-03,2026-07-31,data/corpus/schemes/F-BETFBANK-02.md,http_extract
F-BETFT10-01,https://www.bajajamc.com/mutual-funds/etf/bajaj-finserv-bse-top-10-banks-etf/,Bajaj Finserv BSE Top 10 Banks ETF Direct Plan (Bajaj Finserv AMC scheme page),Bajaj Finserv BSE Top 10 Banks ETF,Equity ETF,M1_FACTSHEET,2026-10-03,2026-08-31,data/corpus/schemes/F-BETFT10-01.md,http_extract
F-BETFT10-02,https://media.bajajamc.com/wp-content/uploads/2026/08/Factsheet_August-2026.pdf,Bajaj Finserv BSE Top 10 Banks ETF base expense ratio (Bajaj Finserv MF factsheet Aug 2026),Bajaj Finserv BSE Top 10 Banks ETF,Equity ETF,M1_FACTSHEET,2026-10-03,2026-07-31,data/corpus/schemes/F-BETFT10-02.md,http_extract
F-BETFLIQ-01,https://www.bajajamc.com/mutual-funds/etf/bajaj-finserv-nifty-1d-rate-liquid-etf/,Bajaj Finserv Nifty 1D Rate Liquid ETF Direct Plan (Bajaj Finserv AMC scheme page),Bajaj Finserv Nifty 1D Rate Liquid ETF,Liquid ETF,M1_FACTSHEET,2026-10-03,2026-08-31,data/corpus/schemes/F-BETFLIQ-01.md,http_extract
F-BETFLIQ-02,https://media.bajajamc.com/wp-content/uploads/2026/08/Factsheet_August-2026.pdf,Bajaj Finserv Nifty 1D Rate Liquid ETF base expense ratio (Bajaj Finserv MF factsheet Aug 2026),Bajaj Finserv Nifty 1D Rate Liquid ETF,Liquid ETF,M1_FACTSHEET,2026-10-03,2026-07-31,data/corpus/schemes/F-BETFLIQ-02.md,http_extract
